metric,method,replica,value,units
difficulty_std,sgd_low,0,0.18634003412959965,nats
difficulty_std,sgd_low,1,0.1856574944519553,nats
difficulty_std,sgd_low,2,0.18529692301203898,nats
difficulty_std,momentum_low,0,0.18634003412959965,nats
difficulty_std,momentum_low,1,0.1856574944519553,nats
difficulty_std,momentum_low,2,0.18529692301203898,nats
difficulty_std,adam_low,0,0.18634003412959965,nats
difficulty_std,adam_low,1,0.1856574944519553,nats
difficulty_std,adam_low,2,0.18529692301203898,nats
difficulty_std,sgd_high,0,0.18634003412959965,nats
difficulty_std,sgd_high,1,0.1856574944519553,nats
difficulty_std,sgd_high,2,0.18529692301203898,nats
difficulty_std,momentum_high,0,0.18634003412959965,nats
difficulty_std,momentum_high,1,0.1856574944519553,nats
difficulty_std,momentum_high,2,0.18529692301203898,nats
difficulty_std,head_low,0,0.18634003412959965,nats
difficulty_std,head_low,1,0.1856574944519553,nats
difficulty_std,head_low,2,0.18529692301203898,nats
parameter_work_mean,sgd_low,0,-0.00017613493456768256,nats
parameter_work_mean,sgd_low,1,-0.0001767696346306065,nats
parameter_work_mean,sgd_low,2,-0.00017782745928715364,nats
parameter_work_mean,momentum_low,0,-0.00017481103928648835,nats
parameter_work_mean,momentum_low,1,-0.00017562258522847826,nats
parameter_work_mean,momentum_low,2,-0.0001759316098198954,nats
parameter_work_mean,adam_low,0,-0.0006563166617177661,nats
parameter_work_mean,adam_low,1,-0.000659593690155489,nats
parameter_work_mean,adam_low,2,-0.0006569229495281997,nats
parameter_work_mean,sgd_high,0,-0.0014469251256848982,nats
parameter_work_mean,sgd_high,1,-0.0014446141469343866,nats
parameter_work_mean,sgd_high,2,-0.0014754058770462583,nats
parameter_work_mean,momentum_high,0,-0.0014461133093636707,nats
parameter_work_mean,momentum_high,1,-0.0014394112090127884,nats
parameter_work_mean,momentum_high,2,-0.0014730194317648443,nats
parameter_work_mean,head_low,0,-9.393229379231871e-05,nats
parameter_work_mean,head_low,1,-9.457801390128388e-05,nats
parameter_work_mean,head_low,2,-9.474831305695646e-05,nats
quadratic_mean,sgd_low,0,1.0800783744544803e-05,nats
quadratic_mean,sgd_low,1,1.1196778290854777e-05,nats
quadratic_mean,sgd_low,2,1.2628777624157398e-05,nats
quadratic_mean,momentum_low,0,1.0746059540682125e-05,nats
quadratic_mean,momentum_low,1,1.1252533277112695e-05,nats
quadratic_mean,momentum_low,2,1.2551732918435553e-05,nats
quadratic_mean,adam_low,0,1.1175459802489927e-05,nats
quadratic_mean,adam_low,1,1.1244810992014461e-05,nats
quadratic_mean,adam_low,2,1.1332725490671938e-05,nats
quadratic_mean,sgd_high,0,0.0003817961126940704,nats
quadratic_mean,sgd_high,1,0.0003417780215827906,nats
quadratic_mean,sgd_high,2,0.000397576835233571,nats
quadratic_mean,momentum_high,0,0.0003838479004075558,nats
quadratic_mean,momentum_high,1,0.00034408427532562925,nats
quadratic_mean,momentum_high,2,0.0004068226006282554,nats
quadratic_mean,head_low,0,1.434981768573475e-06,nats
quadratic_mean,head_low,1,1.45459818686649e-06,nats
quadratic_mean,head_low,2,1.4481843277078226e-06,nats
epsilon_rms,sgd_low,0,2.4217237833558114e-05,nats
epsilon_rms,sgd_low,1,2.651143387644707e-05,nats
epsilon_rms,sgd_low,2,3.487955841834705e-05,nats
epsilon_rms,momentum_low,0,2.4265491012653302e-05,nats
epsilon_rms,momentum_low,1,2.697695855894786e-05,nats
epsilon_rms,momentum_low,2,3.530317630984109e-05,nats
epsilon_rms,adam_low,0,2.646885042247641e-06,nats
epsilon_rms,adam_low,1,2.6141436818370562e-06,nats
epsilon_rms,adam_low,2,2.872019688058037e-06,nats
epsilon_rms,sgd_high,0,0.0004386386667209388,nats
epsilon_rms,sgd_high,1,0.00039843354835847284,nats
epsilon_rms,sgd_high,2,0.00046482129641621295,nats
epsilon_rms,momentum_high,0,0.00043611579221747684,nats
epsilon_rms,momentum_high,1,0.0004071338223812978,nats
epsilon_rms,momentum_high,2,0.0004780216816523954,nats
epsilon_rms,head_low,0,2.7624581258160805e-09,nats
epsilon_rms,head_low,1,2.7774929631322956e-09,nats
epsilon_rms,head_low,2,2.8631692681441926e-09,nats
